<?xml version="1.0" encoding="UTF-8" standalone="yes"?>
<addon id="plugin.image.easywallpapers" name=" [COLOR lime]Easy Wallpapers[/COLOR]" version="1.0.0" provider-name="SchisM">
  <requires>
    <import addon="xbmc.python" version="2.1.0"/>
	<import addon="script.module.beautifulsoup" version="3.2.1"/>		

  </requires>
  <extension point="xbmc.python.pluginsource" library="default.py">
        <provides>image</provides>
  </extension>
  <extension point="xbmc.addon.metadata">
    <summary lang="en"></summary>
    <description lang="en">Easy Wallpapers from the net</description>
    <platform>all</platform>
  </extension>
</addon>
